{
  "AA": -8.067044475681433,
  "AB": -6.4576065632473325,
  "AC": -5.946780939481342,
  "AD": -6.275285006453378,
  "AE": -8.067044475681433,
  "AF": -7.086215222669707,
  "AG": -6.680750114561542,
  "AH": -8.067044475681433,
  "AI": -4.502217670237475,
  "AJ": -8.067044475681433,
  "AK": -8.067044475681433,
  "AL": -4.946149059173436,
  "AM": -5.946780939481342,
  "AN": -4.122231647430296,
  "AO": -8.067044475681433,
  "AP": -6.169924490795552,
  "AQ": -6.863071671355497,
  "AR": -4.796208911882521,
  "AS": -5.158323579117072,
  "AT": -4.601308572881706,
  "AU": -4.861591671145373,
  "AV": -5.6392962397333815,
  "AW": -8.067044475681433,
  "AX": -8.067044475681433,
  "AY": -8.067044475681433,
  "AZ": -8.067044475681433,
  "BA": -6.275285006453378,
  "BB": -8.067044475681433,
  "BC": -8.067044475681433,
  "BD": -8.067044475681433,
  "BE": -6.169924490795552,
  "BF": -8.067044475681433,
  "BG": -8.067044475681433,
  "BH": -8.067044475681433,
  "BI": -6.4576065632473325,
  "BJ": -8.067044475681433,
  "BK": -8.067044475681433,
  "BL": -6.4576065632473325,
  "BM": -8.067044475681433,
  "BN": -8.067044475681433,
  "BO": -5.946780939481342,
  "BP": -8.067044475681433,
  "BQ": -8.067044475681433,
  "BR": -6.169924490795552,
  "BS": -8.067044475681433,
  "BT": -8.067044475681433,
  "BU": -6.680750114561542,
  "BV": -8.067044475681433,
  "BW": -8.067044475681433,
  "BX": -8.067044475681433,
  "BY": -8.067044475681433,
  "BZ": -8.067044475681433,
  "CA": -5.833452254174339,
  "CB": -8.067044475681433,
  "CC": -8.472509583789597,
  "CD": -8.067044475681433,
  "CE": -4.783630129675661,
  "CF": -8.067044475681433,
  "CG": -8.067044475681433,
  "CH": -5.3589942745792225,
  "CI": -5.699920861549816,
  "CJ": -8.067044475681433,
  "CK": -8.067044475681433,
  "CL": -6.680750114561542,
  "CM": -8.067044475681433,
  "CN": -8.067044475681433,
  "CO": -5.476777310235606,
  "CP": -8.067044475681433,
  "CQ": -8.067044475681433,
  "CR": -6.275285006453378,
  "CS": -8.067044475681433,
  "CT": -8.067044475681433,
  "CU": -8.067044475681433,
  "CV": -8.067044475681433,
  "CW": -8.067044475681433,
  "CX": -8.067044475681433,
  "CY": -8.067044475681433,
  "CZ": -8.067044475681433,
  "DA": -5.764459382687387,
  "DB": -8.067044475681433,
  "DC": -8.067044475681433,
  "DD": -8.067044475681433,
  "DE": -3.9507210067405567,
  "DF": -8.067044475681433,
  "DG": -8.067044475681433,
  "DH": -8.067044475681433,
  "DI": -5.452084697645235,
  "DJ": -8.067044475681433,
  "DK": -8.067044475681433,
  "DL": -8.067044475681433,
  "DM": -8.067044475681433,
  "DN": -8.067044475681433,
  "DO": -5.3589942745792225,
  "DP": -8.067044475681433,
  "DQ": -8.067044475681433,
  "DR": -6.4576065632473325,
  "DS": -8.067044475681433,
  "DT": -8.067044475681433,
  "DU": -5.610308702860129,
  "DV": -8.067044475681433,
  "DW": -8.067044475681433,
  "DX": -8.067044475681433,
  "DY": -8.067044475681433,
  "DZ": -8.067044475681433,
  "EA": -8.067044475681433,
  "EB": -8.067044475681433,
  "EC": -4.917161522300184,
  "ED": -8.067044475681433,
  "EE": -7.5562188519154425,
  "EF": -6.4576065632473325,
  "EG": -6.680750114561542,
  "EH": -8.067044475681433,
  "EI": -5.6392962397333815,
  "EJ": -8.067044475681433,
  "EK": -8.067044475681433,
  "EL": -4.633057271196287,
  "EM": -4.5406839510652715,
  "EN": -3.8723519396250503,
  "EO": -8.067044475681433,
  "EP": -8.067044475681433,
  "EQ": -6.680750114561542,
  "ER": -4.361635719616286,
  "ES": -3.482076997010861,
  "ET": -4.483525537225323,
  "EU": -5.5280706046231565,
  "EV": -6.275285006453378,
  "EW": -8.067044475681433,
  "EX": -6.169924490795552,
  "EY": -8.067044475681433,
  "EZ": -7.086215222669707,
  "FA": -6.275285006453378,
  "FB": -8.067044475681433,
  "FC": -8.067044475681433,
  "FD": -8.067044475681433,
  "FE": -6.4576065632473325,
  "FF": -8.067044475681433,
  "FG": -8.067044475681433,
  "FH": -8.067044475681433,
  "FI": -6.680750114561542,
  "FJ": -8.067044475681433,
  "FK": -8.067044475681433,
  "FL": -6.863071671355497,
  "FM": -8.067044475681433,
  "FN": -8.067044475681433,
  "FO": -6.169924490795552,
  "FP": -8.067044475681433,
  "FQ": -8.067044475681433,
  "FR": -6.275285006453378,
  "FS": -8.067044475681433,
  "FT": -8.067044475681433,
  "FU": -7.086215222669707,
  "FV": -8.067044475681433,
  "FW": -8.067044475681433,
  "FX": -8.067044475681433,
  "FY": -8.067044475681433,
  "FZ": -8.067044475681433,
  "GA": -6.4576065632473325,
  "GB": -8.067044475681433,
  "GC": -8.067044475681433,
  "GD": -8.067044475681433,
  "GE": -6.275285006453378,
  "GF": -8.067044475681433,
  "GG": -8.067044475681433,
  "GH": -8.067044475681433,
  "GI": -7.086215222669707,
  "GJ": -8.067044475681433,
  "GK": -8.067044475681433,
  "GL": -7.086215222669707,
  "GM": -8.067044475681433,
  "GN": -6.680750114561542,
  "GO": -6.863071671355497,
  "GP": -8.067044475681433,
  "GQ": -8.067044475681433,
  "GR": -6.275285006453378,
  "GS": -8.067044475681433,
  "GT": -8.067044475681433,
  "GU": -6.4576065632473325,
  "GV": -8.067044475681433,
  "GW": -8.067044475681433,
  "GX": -8.067044475681433,
  "GY": -8.067044475681433,
  "GZ": -8.067044475681433,
  "HA": -6.680750114561542,
  "HB": -8.067044475681433,
  "HC": -8.067044475681433,
  "HD": -8.067044475681433,
  "HE": -6.863071671355497,
  "HF": -8.067044475681433,
  "HG": -8.067044475681433,
  "HH": -8.067044475681433,
  "HI": -7.086215222669707,
  "HJ": -8.067044475681433,
  "HK": -8.067044475681433,
  "HL": -8.067044475681433,
  "HM": -8.067044475681433,
  "HN": -8.067044475681433,
  "HO": -6.863071671355497,
  "HP": -8.067044475681433,
  "HQ": -8.067044475681433,
  "HR": -8.067044475681433,
  "HS": -8.067044475681433,
  "HT": -8.067044475681433,
  "HU": -7.086215222669707,
  "HV": -8.067044475681433,
  "HW": -8.067044475681433,
  "HX": -8.067044475681433,
  "HY": -8.067044475681433,
  "HZ": -8.067044475681433,
  "IA": -6.680750114561542,
  "IB": -7.5562188519154425,
  "IC": -5.105213753803123,
  "ID": -6.680750114561542,
  "IE": -5.006773680989871,
  "IF": -7.086215222669707,
  "IG": -7.086215222669707,
  "IH": -8.067044475681433,
  "II": -8.067044475681433,
  "IJ": -8.067044475681433,
  "IK": -8.067044475681433,
  "IL": -4.665847094019277,
  "IM": -6.275285006453378,
  "IN": -4.771207609677104,
  "IO": -4.834923424063211,
  "IP": -6.863071671355497,
  "IQ": -8.067044475681433,
  "IR": -5.3814671304312816,
  "IS": -4.560486578361451,
  "IT": -4.52126586520817,
  "IU": -8.067044475681433,
  "IV": -6.4576065632473325,
  "IW": -8.067044475681433,
  "IX": -8.067044475681433,
  "IY": -8.067044475681433,
  "IZ": -8.067044475681433,
  "JA": -7.086215222669707,
  "JB": -8.067044475681433,
  "JC": -8.067044475681433,
  "JD": -8.067044475681433,
  "JE": -6.680750114561542,
  "JF": -8.067044475681433,
  "JG": -8.067044475681433,
  "JH": -8.067044475681433,
  "JI": -8.067044475681433,
  "JJ": -8.067044475681433,
  "JK": -8.067044475681433,
  "JL": -8.067044475681433,
  "JM": -8.067044475681433,
  "JN": -8.067044475681433,
  "JO": -7.086215222669707,
  "JP": -8.067044475681433,
  "JQ": -8.067044475681433,
  "JR": -8.067044475681433,
  "JS": -8.067044475681433,
  "JT": -8.067044475681433,
  "JU": -6.863071671355497,
  "JV": -8.067044475681433,
  "JW": -8.067044475681433,
  "JX": -8.067044475681433,
  "JY": -8.067044475681433,
  "JZ": -8.067044475681433,
  "KA": -8.067044475681433,
  "KB": -8.067044475681433,
  "KC": -8.067044475681433,
  "KD": -8.067044475681433,
  "KE": -8.067044475681433,
  "KF": -8.067044475681433,
  "KG": -8.067044475681433,
  "KH": -8.067044475681433,
  "KI": -8.067044475681433,
  "KJ": -8.067044475681433,
  "KK": -8.067044475681433,
  "KL": -8.067044475681433,
  "KM": -8.067044475681433,
  "KN": -8.067044475681433,
  "KO": -8.067044475681433,
  "KP": -8.067044475681433,
  "KQ": -8.067044475681433,
  "KR": -8.067044475681433,
  "KS": -8.067044475681433,
  "KT": -8.067044475681433,
  "KU": -8.067044475681433,
  "KV": -8.067044475681433,
  "KW": -8.067044475681433,
  "KX": -8.067044475681433,
  "KY": -8.067044475681433,