n_modules,instances,cp_feasible_rate,cp_valid_rate,cp_mean_makespan,cp_mean_total_fuel,cp_mean_time_s,gr_feasible_rate,gr_valid_rate,gr_mean_makespan,gr_mean_total_fuel,gr_mean_time_s,paired_instances,cp_paired_mean_makespan,gr_paired_mean_makespan,cp_paired_mean_total_fuel,gr_paired_mean_total_fuel,mean_makespan_gain_pct,mean_fuel_gain_pct
4,5,1.0,1.0,204.2,180.4,0.03270435333251953,1.0,1.0,206.0,203.0,0.493447379997815,5,204.2,206.0,180.4,203.0,0.8533857061913741,11.261130606145583
6,5,1.0,1.0,237.0,263.0,0.04204511642456055,1.0,1.0,237.8,297.2,0.48425491999660153,5,237.0,237.8,263.0,297.2,0.34573423909208784,11.298717842556076
8,5,1.0,1.0,240.2,313.4,0.029111719131469725,1.0,1.0,241.0,356.2,0.5125557399966055,5,240.2,241.0,313.4,356.2,0.3488395277868962,12.038995237918126
10,5,1.0,1.0,243.0,357.4,0.039425897598266604,1.0,1.0,244.4,408.2,0.5779039199987892,5,243.0,244.4,357.4,408.2,0.5964192040141407,12.42512308266225
12,5,1.0,1.0,254.4,420.4,0.03352169990539551,1.0,1.0,256.2,477.4,0.5694445200002519,5,254.4,256.2,420.4,477.4,0.670254674582478,11.853361714838218
